{
"lengthUnit": "mil",
"remark": [],
"components": {
	"fields": ["COMPONENT_NO", "COMPONENT_NAME", "LAYER", "X_COORDINATE", "Y_COORDINATE", "ANGLE"],
	"rows": [
		[1, "12V", "T", 1285, -205, 180],
		[2, "C-", "B", 1490, -1535.8, 180],
		[3, "C+", "B", -9.867, -1535.782, 180],
		[4, "D1", "T", 745, -1885, 0],
		[5, "DC1", "T", -140, -235, 270],
		[6, "L1", "T", 1075, -2005, 0],
		[7, "Q1", "T", 1300, -690, 180],
		[8, "Q3", "T", 1015, -980, 180],
		[9, "R1", "T", 760, -2195, 180],
		[10, "R2", "B", 1300, -1360, 270],
		[11, "S2", "T", 310, -930, 0],
		[12, "SW1", "T", -50, -635, 0],
		[13, "T1", "B", 1150, -1345, 90],
		[14, "U1", "T", 250, -755, 0],
		[15, "PAD1", "T", 573.74, -1885, 0],
		[16, "PAD1", "B", 573.74, -1885, 0],
		[17, "PAD2", "T", 916.26, -1885, 0],
		[18, "PAD2", "B", 916.26, -1885, 0],
		[19, "PAD3", "T", -49.447, -110.984, 0],
		[20, "PAD3", "B", -49.447, -110.984, 0],
		[21, "PAD4", "T", -49.447, -359.015, 0],
		[22, "PAD4", "B", -49.447, -359.015, 0],
		[23, "PAD5", "T", 973.622, -355, 0],
		[24, "PAD5", "B", 973.622, -355, 0],
		[25, "PAD6", "T", 973.622, -655, 0],
		[26, "PAD6", "B", 973.622, -655, 0],
		[27, "PAD7", "T", 550, -686.8898, 0],
		[28, "PAD7", "B", 550, -686.8898, 0],
		[29, "PAD8", "T", 326.3779, -455, 0],
		[30, "PAD8", "B", 326.3779, -455, 0],
		[31, "PAD9", "T", 326.3779, -355, 0],
		[32, "PAD9", "B", 326.3779, -355, 0],
		[33, "PAD10", "T", 326.3779, -55, 0],
		[34, "PAD10", "B", 326.3779, -55, 0],
		[35, "PAD11", "T", 326.3779, -255, 0],
		[36, "PAD11", "B", 326.3779, -255, 0],
		[37, "PAD12", "T", 310, -930, 0],
		[38, "PAD13", "T", 310, -930, 0],
		[39, "PAD13", "B", 310, -930, 0],
		[40, "PAD14", "T", 506.8504, -930, 0],
		[41, "PAD15", "T", 506.8504, -930, 0],
		[42, "PAD15", "B", 506.8504, -930, 0],
		[43, "PAD16", "T", 703.7008, -930, 0],
		[44, "PAD17", "T", 703.7008, -930, 0],
		[45, "PAD17", "B", 703.7008, -930, 0],
		[46, "PAD18", "T", -9.867, -1535.782, 0],
		[47, "PAD18", "B", -9.867, -1535.782, 0],
		[48, "PAD19", "B", -9.867, -1535.782, 0],
		[49, "PAD20", "T", 1490, -1535.8, 0],
		[50, "PAD20", "B", 1490, -1535.8, 0],
		[51, "PAD21", "B", 1490, -1535.8, 0],
		[52, "PAD22", "T", 962.76, -2195, 0],
		[53, "PAD22", "B", 962.76, -2195, 0],
		[54, "PAD23", "T", 557.24, -2195, 0],
		[55, "PAD23", "B", 557.24, -2195, 0],
		[56, "PAD24", "T", -148.425, -713.74, 0],
		[57, "PAD24", "B", -148.425, -713.74, 0],
		[58, "PAD25", "T", -148.425, -635, 0],
		[59, "PAD25", "B", -148.425, -635, 0],
		[60, "PAD26", "T", 1025, -2005, 0],
		[61, "PAD26", "B", 1025, -2005, 0],
		[62, "PAD27", "T", 1125, -2005, 0],
		[63, "PAD27", "B", 1125, -2005, 0],
		[64, "PAD28", "T", 1186.4, -205, 0],
		[65, "PAD28", "B", 1186.4, -205, 0],
		[66, "PAD29", "T", 1383.6, -205, 0],
		[67, "PAD29", "B", 1383.6, -205, 0],
		[68, "PAD30", "T", 1390.16, -829.1, 0],
		[69, "PAD31", "T", 1209.84, -829.1, 0],
		[70, "PAD32", "T", 1300, -550.9, 0],
		[71, "PAD33", "T", 1300, -1157.24, 0],
		[72, "PAD33", "B", 1300, -1157.24, 0],
		[73, "PAD34", "T", 1300, -1562.76, 0],
		[74, "PAD34", "B", 1300, -1562.76, 0],
		[75, "PAD35", "T", 1150, -1207.205, 0],
		[76, "PAD35", "B", 1150, -1207.205, 0],
		[77, "PAD36", "T", 1150, -1482.795, 0],
		[78, "PAD36", "B", 1150, -1482.795, 0],
		[79, "PAD37", "T", 975.63, -942.6, 0],
		[80, "PAD38", "T", 975.63, -1017.4, 0],
		[81, "PAD39", "T", 1054.37, -980, 0]
	]
},
"pins": {
	"fields": ["PIN_NO", "PIN_NAME", "PIN_X", "PIN_Y", "LAYER", "PIN_TYPE", "NET_NAME", "NET_TYPE", "PAD_SHAPE", "PAD_SIZEX", "PAD_SIZEY", "HOLE_SIZE", "HOLE_LEN", "PAD_ANGLE"],
	"rows": [
		[1, "12V_1", 1383.6, -205, "T", "DIP", "$1N5230", "", "C", 78.74, 78.74, 47.244, 47.244, 180],
		[2, "12V_1", 1383.6, -205, "B", "DIP", "$1N5230", "", "C", 78.74, 78.74, 47.244, 47.244, 180],
		[3, "12V_2", 1186.4, -205, "T", "DIP", "12V", "", "C", 78.74, 78.74, 47.244, 47.244, 180],
		[4, "12V_2", 1186.4, -205, "B", "DIP", "12V", "", "C", 78.74, 78.74, 47.244, 47.244, 180],
		[5, "C-_1", 1490, -1535.8, "T", "DIP", "$1N949", "", "C", 59.0551, 59.0551, 39.3701, 39.3701, 180],
		[6, "C-_1", 1490, -1535.8, "B", "DIP", "$1N949", "", "C", 59.0551, 59.0551, 39.3701, 39.3701, 180],
		[7, "C-_2", 1490, -1535.8, "B", "SMD", "$1N949", "", "R", 118.1102, 118.1102, 0, 0, 180],
		[8, "C+_1", -9.867, -1535.782, "T", "DIP", "12V", "", "C", 59.0551, 59.0551, 39.3701, 39.3701, 180],
		[9, "C+_1", -9.867, -1535.782, "B", "DIP", "12V", "", "C", 59.0551, 59.0551, 39.3701, 39.3701, 180],
		[10, "C+_2", -9.867, -1535.782, "B", "SMD", "12V", "", "R", 118.1102, 118.1102, 0, 0, 180],
		[11, "D1_1", 573.74, -1885, "T", "DIP", "12V", "", "C", 70.866, 70.866, 39.37, 39.37, 0],
		[12, "D1_1", 573.74, -1885, "B", "DIP", "12V", "", "C", 70.866, 70.866, 39.37, 39.37, 0],
		[13, "D1_2", 916.26, -1885, "T", "DIP", "$1N949", "", "C", 70.866, 70.866, 39.37, 39.37, 0],
		[14, "D1_2", 916.26, -1885, "B", "DIP", "$1N949", "", "C", 70.866, 70.866, 39.37, 39.37, 0],
		[15, "DC1_2", -230.553, -240.9, "T", "DIP", "NET_1", "", "O", 137.795, 51.181, 31.496, 118.11, 270],
		[16, "DC1_2", -230.553, -240.9, "B", "DIP", "NET_1", "", "O", 137.795, 51.181, 31.496, 118.11, 270],
		[17, "DC1_3", -49.447, -110.984, "T", "DIP", "$1N3942", "", "O", 137.795, 59.055, 39.37, 118.11, 180],
		[18, "DC1_3", -49.447, -110.984, "B", "DIP", "$1N3942", "", "O", 137.795, 59.055, 39.37, 118.11, 180],
		[19, "DC1_4", -49.447, -359.015, "T", "DIP", "GND", "GND", "O", 137.795, 59.055, 39.37, 118.11, 0],
		[20, "DC1_4", -49.447, -359.015, "B", "DIP", "GND", "GND", "O", 137.795, 59.055, 39.37, 118.11, 0],
		[21, "L1_1", 1025, -2005, "T", "DIP", "$1N2470", "", "R", 56.6142, 56.6142, 36.6142, 36.6142, 0],
		[22, "L1_1", 1025, -2005, "B", "DIP", "$1N2470", "", "R", 56.6142, 56.6142, 36.6142, 36.6142, 0],
		[23, "L1_2", 1125, -2005, "T", "DIP", "GND", "GND", "C", 56.6142, 56.6142, 36.6142, 36.6142, 0],
		[24, "L1_2", 1125, -2005, "B", "DIP", "GND", "GND", "C", 56.6142, 56.6142, 36.6142, 36.6142, 0],
		[25, "Q1_1", 1209.84, -829.1, "T", "SMD", "GP8", "", "R", 53.15, 86.614, 0, 0, 180],
		[26, "Q1_3", 1390.16, -829.1, "T", "SMD", "GND", "GND", "R", 53.15, 86.614, 0, 0, 0],
		[27, "Q1_4", 1300, -550.9, "T", "SMD", "$1N949", "", "R", 236.221, 255.905, 0, 0, 180],
		[28, "Q3_1", 975.63, -942.6, "T", "SMD", "$1N5230", "", "R", 49.213, 27.559, 0, 0, 180],
		[29, "Q3_2", 975.63, -1017.4, "T", "SMD", "GND", "GND", "R", 49.213, 27.559, 0, 0, 180],
		[30, "Q3_3", 1054.37, -980, "T", "SMD", "GP5", "", "R", 49.213, 27.559, 0, 0, 180],
		[31, "R1_1", 962.76, -2195, "T", "DIP", "$1N2470", "", "C", 51.181, 51.181, 31.496, 31.496, 180],
		[32, "R1_1", 962.76, -2195, "B", "DIP", "$1N2470", "", "C", 51.181, 51.181, 31.496, 31.496, 180],
		[33, "R1_2", 557.24, -2195, "T", "DIP", "LED1", "", "C", 51.181, 51.181, 31.496, 31.496, 180],
		[34, "R1_2", 557.24, -2195, "B", "DIP", "LED1", "", "C", 51.181, 51.181, 31.496, 31.496, 180],
		[35, "R2_1", 1300, -1157.24, "T", "DIP", "VCC", "", "C", 51.181, 51.181, 31.496, 31.496, 270],
		[36, "R2_1", 1300, -1157.24, "B", "DIP", "VCC", "", "C", 51.181, 51.181, 31.496, 31.496, 270],
		[37, "R2_2", 1300, -1562.76, "T", "DIP", "TEMP1", "", "C", 51.181, 51.181, 31.496, 31.496, 270],
		[38, "R2_2", 1300, -1562.76, "B", "DIP", "TEMP1", "", "C", 51.181, 51.181, 31.496, 31.496, 270],
		[39, "S2_1", 310, -930, "T", "SMD", "VCC", "", "R", 78.7402, 78.7402, 0, 0, 0],
		[40, "S2_1", 310, -930, "T", "DIP", "VCC", "", "C", 59.0551, 59.0551, 39.3701, 39.3701, 0],
		[41, "S2_1", 310, -930, "B", "DIP", "VCC", "", "C", 59.0551, 59.0551, 39.3701, 39.3701, 0],
		[42, "S2_2", 506.8504, -930, "T", "SMD", "GND", "GND", "R", 78.7402, 78.7402, 0, 0, 0],
		[43, "S2_2", 506.8504, -930, "T", "DIP", "GND", "GND", "C", 59.0551, 59.0551, 39.3701, 39.3701, 0],
		[44, "S2_2", 506.8504, -930, "B", "DIP", "GND", "GND", "C", 59.0551, 59.0551, 39.3701, 39.3701, 0],
		[45, "S2_3", 703.7008, -930, "T", "SMD", "GP26", "", "R", 78.7402, 78.7402, 0, 0, 0],
		[46, "S2_3", 703.7008, -930, "T", "DIP", "GP26", "", "C", 59.0551, 59.0551, 39.3701, 39.3701, 0],
		[47, "S2_3", 703.7008, -930, "B", "DIP", "GP26", "", "C", 59.0551, 59.0551, 39.3701, 39.3701, 0],
		[48, "SW1_1", 48.415, -556.26, "T", "DIP", "NET_2", "", "R", 62.992, 62.992, 39.37, 39.37, 90],
		[49, "SW1_1", 48.415, -556.26, "B", "DIP", "NET_2", "", "R", 62.992, 62.992, 39.37, 39.37, 90],
		[50, "SW1_2", 48.425, -635, "T", "DIP", "NET_3", "", "C", 62.992, 62.992, 39.37, 39.37, 90],
		[51, "SW1_2", 48.425, -635, "B", "DIP", "NET_3", "", "C", 62.992, 62.992, 39.37, 39.37, 90],
		[52, "SW1_3", 48.425, -713.74, "T", "DIP", "NET_4", "", "C", 62.992, 62.992, 39.37, 39.37, 90],
		[53, "SW1_3", 48.425, -713.74, "B", "DIP", "NET_4", "", "C", 62.992, 62.992, 39.37, 39.37, 90],
		[54, "SW1_4", -148.425, -556.26, "T", "DIP", "NET_5", "", "C", 62.992, 62.992, 39.37, 39.37, 90],
		[55, "SW1_4", -148.425, -556.26, "B", "DIP", "NET_5", "", "C", 62.992, 62.992, 39.37, 39.37, 90],
		[56, "SW1_5", -148.425, -635, "T", "DIP", "$1N3942", "", "C", 62.992, 62.992, 39.37, 39.37, 90],
		[57, "SW1_5", -148.425, -635, "B", "DIP", "$1N3942", "", "C", 62.992, 62.992, 39.37, 39.37, 90],
		[58, "SW1_6", -148.425, -713.74, "T", "DIP", "12V", "", "C", 62.992, 62.992, 39.37, 39.37, 90],
		[59, "SW1_6", -148.425, -713.74, "B", "DIP", "12V", "", "C", 62.992, 62.992, 39.37, 39.37, 90],
		[60, "T1_1", 1150, -1482.795, "T", "DIP", "TEMP1", "", "C", 59.055, 59.055, 35.434, 35.434, 90],
		[61, "T1_1", 1150, -1482.795, "B", "DIP", "TEMP1", "", "C", 59.055, 59.055, 35.434, 35.434, 90],
		[62, "T1_2", 1150, -1207.205, "T", "DIP", "GND", "GND", "C", 59.055, 59.055, 35.434, 35.434, 90],
		[63, "T1_2", 1150, -1207.205, "B", "DIP", "GND", "GND", "C", 59.055, 59.055, 35.434, 35.434, 90],
		[64, "U1_1", 973.622, 145, "T", "DIP", "NET_6", "", "R", 102.3622, 62.9921, 31.4961, 31.4961, 0],
		[65, "U1_1", 973.622, 145, "B", "DIP", "NET_6", "", "R", 102.3622, 62.9921, 31.4961, 31.4961, 0],
		[66, "U1_2", 973.622, 45, "T", "DIP", "NET_7", "", "R", 102.3622, 62.9921, 31.4961, 31.4961, 0],
		[67, "U1_2", 973.622, 45, "B", "DIP", "NET_7", "", "R", 102.3622, 62.9921, 31.4961, 31.4961, 0],
		[68, "U1_3", 973.622, -55, "T", "DIP", "NET_8", "", "R", 102.3622, 62.9921, 31.4961, 31.4961, 0],
		[69, "U1_3", 973.622, -55, "B", "DIP", "NET_8", "", "R", 102.3622, 62.9921, 31.4961, 31.4961, 0],
		[70, "U1_4", 973.622, -155, "T", "DIP", "NET_9", "", "R", 102.3622, 62.9921, 31.4961, 31.4961, 0],
		[71, "U1_4", 973.622, -155, "B", "DIP", "NET_9", "", "R", 102.3622, 62.9921, 31.4961, 31.4961, 0],
		[72, "U1_5", 973.622, -255, "T", "DIP", "NET_10", "", "R", 102.3622, 62.9921, 31.4961, 31.4961, 0],
		[73, "U1_5", 973.622, -255, "B", "DIP", "NET_10", "", "R", 102.3622, 62.9921, 31.4961, 31.4961, 0],
		[74, "U1_6", 973.622, -355, "T", "DIP", "GP5", "", "R", 102.3622, 63, 31.4961, 31.4961, 0],
		[75, "U1_6", 973.622, -355, "B", "DIP", "GP5", "", "R", 102.3622, 63, 31.4961, 31.4961, 0],
		[76, "U1_7", 973.622, -455, "T", "DIP", "NET_11", "", "R", 102.3622, 63, 31.4961, 31.4961, 0],
		[77, "U1_7", 973.622, -455, "B", "DIP", "NET_11", "", "R", 102.3622, 63, 31.4961, 31.4961, 0],
		[78, "U1_8", 973.622, -555, "T", "DIP", "NET_12", "", "R", 102.3622, 63, 31.4961, 31.4961, 0],
		[79, "U1_8", 973.622, -555, "B", "DIP", "NET_12", "", "R", 102.3622, 63, 31.4961, 31.4961, 0],
		[80, "U1_9", 973.622, -655, "T", "DIP", "GP8", "", "R", 102.3622, 63, 31.4961, 31.4961, 0],
		[81, "U1_9", 973.622, -655, "B", "DIP", "GP8", "", "R", 102.3622, 63, 31.4961, 31.4961, 0],
		[82, "U1_10", 850, -686.8898, "T", "DIP", "NET_13", "", "R", 62.9921, 102.3622, 31.4961, 31.4961, 0],
		[83, "U1_10", 850, -686.8898, "B", "DIP", "NET_13", "", "R", 62.9921, 102.3622, 31.4961, 31.4961, 0],
		[84, "U1_11", 750, -686.8898, "T", "DIP", "NET_14", "", "R", 62, 102.3622, 31.4961, 31.4961, 0],
		[85, "U1_11", 750, -686.8898, "B", "DIP", "NET_14", "", "R", 62, 102.3622, 31.4961, 31.4961, 0],
		[86, "U1_12", 650, -686.8898, "T", "DIP", "NET_15", "", "R", 62, 102.3622, 31.4961, 31.4961, 0],
		[87, "U1_12", 650, -686.8898, "B", "DIP", "NET_15", "", "R", 62, 102.3622, 31.4961, 31.4961, 0],
		[88, "U1_13", 550, -686.8898, "T", "DIP", "LED1", "", "R", 62, 102.3622, 31.4961, 31.4961, 0],
		[89, "U1_13", 550, -686.8898, "B", "DIP", "LED1", "", "R", 62, 102.3622, 31.4961, 31.4961, 0],
		[90, "U1_14", 450, -686.8898, "T", "DIP", "NET_16", "", "R", 62, 102.3622, 31.4961, 31.4961, 0],
		[91, "U1_14", 450, -686.8898, "B", "DIP", "NET_16", "", "R", 62, 102.3622, 31.4961, 31.4961, 0],
		[92, "U1_15", 326.3779, -655, "T", "DIP", "NET_17", "", "R", 102.3622, 63, 31.4961, 31.4961, 0],
		[93, "U1_15", 326.3779, -655, "B", "DIP", "NET_17", "", "R", 102.3622, 63, 31.4961, 31.4961, 0],
		[94, "U1_16", 326.3779, -555, "T", "DIP", "NET_18", "", "R", 102.3622, 63, 31.4961, 31.4961, 0],
		[95, "U1_16", 326.3779, -555, "B", "DIP", "NET_18", "", "R", 102.3622, 63, 31.4961, 31.4961, 0],
		[96, "U1_17", 326.3779, -455, "T", "DIP", "GP26", "", "R", 102.3622, 63, 31.4961, 31.4961, 0],
		[97, "U1_17", 326.3779, -455, "B", "DIP", "GP26", "", "R", 102.3622, 63, 31.4961, 31.4961, 0],
		[98, "U1_18", 326.3779, -355, "T", "DIP", "TEMP1", "", "R", 102.3622, 63, 31.4961, 31.4961, 0],
		[99, "U1_18", 326.3779, -355, "B", "DIP", "TEMP1", "", "R", 102.3622, 63, 31.4961, 31.4961, 0],
		[100, "U1_19", 326.3779, 145, "T", "DIP", "NET_19", "", "R", 102.3622, 63, 31.4961, 31.4961, 0],
		[101, "U1_19", 326.3779, 145, "B", "DIP", "NET_19", "", "R", 102.3622, 63, 31.4961, 31.4961, 0],
		[102, "U1_20", 326.3779, 45, "T", "DIP", "NET_20", "", "R", 102.3622, 63, 31.4961, 31.4961, 0],
		[103, "U1_20", 326.3779, 45, "B", "DIP", "NET_20", "", "R", 102.3622, 63, 31.4961, 31.4961, 0],
		[104, "U1_21", 326.3779, -55, "T", "DIP", "VCC", "", "R", 102.3622, 63, 31.4961, 31.4961, 0],
		[105, "U1_21", 326.3779, -55, "B", "DIP", "VCC", "", "R", 102.3622, 63, 31.4961, 31.4961, 0],
		[106, "U1_22", 326.3779, -255, "T", "DIP", "GND", "GND", "R", 102.3622, 63, 31.4961, 31.4961, 0],
		[107, "U1_22", 326.3779, -255, "B", "DIP", "GND", "GND", "R", 102.3622, 63, 31.4961, 31.4961, 0],
		[108, "U1_23", 326.3779, -155, "T", "DIP", "NET_21", "", "R", 102.3622, 63, 31.4961, 31.4961, 0],
		[109, "U1_23", 326.3779, -155, "B", "DIP", "NET_21", "", "R", 102.3622, 63, 31.4961, 31.4961, 0],
		[110, "PAD1_1", 573.74, -1885, "T", "DIP", "12V", "", "C", 70.866, 70.866, 39.37, 39.37, 0],
		[111, "PAD1_1", 573.74, -1885, "B", "DIP", "12V", "", "C", 70.866, 70.866, 39.37, 39.37, 0],
		[112, "PAD2_2", 916.26, -1885, "T", "DIP", "$1N949", "", "C", 70.866, 70.866, 39.37, 39.37, 0],
		[113, "PAD2_2", 916.26, -1885, "B", "DIP", "$1N949", "", "C", 70.866, 70.866, 39.37, 39.37, 0],
		[114, "PAD3_3", -49.447, -110.984, "T", "DIP", "$1N3942", "", "O", 137.795, 59.055, 39.37, 118.11, 180],
		[115, "PAD3_3", -49.447, -110.984, "B", "DIP", "$1N3942", "", "O", 137.795, 59.055, 39.37, 118.11, 180],
		[116, "PAD4_4", -49.447, -359.015, "T", "DIP", "GND", "GND", "O", 137.795, 59.055, 39.37, 118.11, 0],
		[117, "PAD4_4", -49.447, -359.015, "B", "DIP", "GND", "GND", "O", 137.795, 59.055, 39.37, 118.11, 0],
		[118, "PAD5_6", 973.622, -355, "T", "DIP", "GP5", "", "R", 102.3622, 63, 31.4961, 31.4961, 0],
		[119, "PAD5_6", 973.622, -355, "B", "DIP", "GP5", "", "R", 102.3622, 63, 31.4961, 31.4961, 0],
		[120, "PAD6_9", 973.622, -655, "T", "DIP", "GP8", "", "R", 102.3622, 63, 31.4961, 31.4961, 0],
		[121, "PAD6_9", 973.622, -655, "B", "DIP", "GP8", "", "R", 102.3622, 63, 31.4961, 31.4961, 0],
		[122, "PAD7_13", 550, -686.8898, "T", "DIP", "LED1", "", "R", 62, 102.3622, 31.4961, 31.4961, 0],
		[123, "PAD7_13", 550, -686.8898, "B", "DIP", "LED1", "", "R", 62, 102.3622, 31.4961, 31.4961, 0],
		[124, "PAD8_17", 326.3779, -455, "T", "DIP", "GP26", "", "R", 102.3622, 63, 31.4961, 31.4961, 0],
		[125, "PAD8_17", 326.3779, -455, "B", "DIP", "GP26", "", "R", 102.3622, 63, 31.4961, 31.4961, 0],
		[126, "PAD9_18", 326.3779, -355, "T", "DIP", "TEMP1", "", "R", 102.3622, 63, 31.4961, 31.4961, 0],
		[127, "PAD9_18", 326.3779, -355, "B", "DIP", "TEMP1", "", "R", 102.3622, 63, 31.4961, 31.4961, 0],
		[128, "PAD10_21", 326.3779, -55, "T", "DIP", "VCC", "", "R", 102.3622, 63, 31.4961, 31.4961, 0],
		[129, "PAD10_21", 326.3779, -55, "B", "DIP", "VCC", "", "R", 102.3622, 63, 31.4961, 31.4961, 0],
		[130, "PAD11_22", 326.3779, -255, "T", "DIP", "GND", "GND", "R", 102.3622, 63, 31.4961, 31.4961, 0],
		[131, "PAD11_22", 326.3779, -255, "B", "DIP", "GND", "GND", "R", 102.3622, 63, 31.4961, 31.4961, 0],
		[132, "PAD12_1", 310, -930, "T", "SMD", "VCC", "", "R", 78.7402, 78.7402, 0, 0, 0],
		[133, "PAD13_1", 310, -930, "T", "DIP", "VCC", "", "C", 59.0551, 59.0551, 39.3701, 39.3701, 0],
		[134, "PAD13_1", 310, -930, "B", "DIP", "VCC", "", "C", 59.0551, 59.0551, 39.3701, 39.3701, 0],
		[135, "PAD14_2", 506.8504, -930, "T", "SMD", "GND", "GND", "R", 78.7402, 78.7402, 0, 0, 0],
		[136, "PAD15_2", 506.8504, -930, "T", "DIP", "GND", "GND", "C", 59.0551, 59.0551, 39.3701, 39.3701, 0],
		[137, "PAD15_2", 506.8504, -930, "B", "DIP", "GND", "GND", "C", 59.0551, 59.0551, 39.3701, 39.3701, 0],
		[138, "PAD16_3", 703.7008, -930, "T", "SMD", "GP26", "", "R", 78.7402, 78.7402, 0, 0, 0],
		[139, "PAD17_3", 703.7008, -930, "T", "DIP", "GP26", "", "C", 59.0551, 59.0551, 39.3701, 39.3701, 0],
		[140, "PAD17_3", 703.7008, -930, "B", "DIP", "GP26", "", "C", 59.0551, 59.0551, 39.3701, 39.3701, 0],
		[141, "PAD18_1", -9.867, -1535.782, "T", "DIP", "12V", "", "C", 59.0551, 59.0551, 39.3701, 39.3701, 180],
		[142, "PAD18_1", -9.867, -1535.782, "B", "DIP", "12V", "", "C", 59.0551, 59.0551, 39.3701, 39.3701, 180],
		[143, "PAD19_2", -9.867, -1535.782, "B", "SMD", "12V", "", "R", 118.1102, 118.1102, 0, 0, 180],
		[144, "PAD20_1", 1490, -1535.8, "T", "DIP", "$1N949", "", "C", 59.0551, 59.0551, 39.3701, 39.3701, 180],
		[145, "PAD20_1", 1490, -1535.8, "B", "DIP", "$1N949", "", "C", 59.0551, 59.0551, 39.3701, 39.3701, 180],
		[146, "PAD21_2", 1490, -1535.8, "B", "SMD", "$1N949", "", "R", 118.1102, 118.1102, 0, 0, 180],
		[147, "PAD22_1", 962.76, -2195, "T", "DIP", "$1N2470", "", "C", 51.181, 51.181, 31.496, 31.496, 180],
		[148, "PAD22_1", 962.76, -2195, "B", "DIP", "$1N2470", "", "C", 51.181, 51.181, 31.496, 31.496, 180],
		[149, "PAD23_2", 557.24, -2195, "T", "DIP", "LED1", "", "C", 51.181, 51.181, 31.496, 31.496, 180],
		[150, "PAD23_2", 557.24, -2195, "B", "DIP", "LED1", "", "C", 51.181, 51.181, 31.496, 31.496, 180],
		[151, "PAD24_6", -148.425, -713.74, "T", "DIP", "12V", "", "C", 62.992, 62.992, 39.37, 39.37, 90],
		[152, "PAD24_6", -148.425, -713.74, "B", "DIP", "12V", "", "C", 62.992, 62.992, 39.37, 39.37, 90],
		[153, "PAD25_5", -148.425, -635, "T", "DIP", "$1N3942", "", "C", 62.992, 62.992, 39.37, 39.37, 90],
		[154, "PAD25_5", -148.425, -635, "B", "DIP", "$1N3942", "", "C", 62.992, 62.992, 39.37, 39.37, 90],
		[155, "PAD26_1", 1025, -2005, "T", "DIP", "$1N2470", "", "R", 56.6142, 56.6142, 36.6142, 36.6142, 0],
		[156, "PAD26_1", 1025, -2005, "B", "DIP", "$1N2470", "", "R", 56.6142, 56.6142, 36.6142, 36.6142, 0],
		[157, "PAD27_2", 1125, -2005, "T", "DIP", "GND", "GND", "C", 56.6142, 56.6142, 36.6142, 36.6142, 0],
		[158, "PAD27_2", 1125, -2005, "B", "DIP", "GND", "GND", "C", 56.6142, 56.6142, 36.6142, 36.6142, 0],
		[159, "PAD28_2", 1186.4, -205, "T", "DIP", "12V", "", "C", 78.74, 78.74, 47.244, 47.244, 180],
		[160, "PAD28_2", 1186.4, -205, "B", "DIP", "12V", "", "C", 78.74, 78.74, 47.244, 47.244, 180],
		[161, "PAD29_1", 1383.6, -205, "T", "DIP", "$1N5230", "", "C", 78.74, 78.74, 47.244, 47.244, 180],
		[162, "PAD29_1", 1383.6, -205, "B", "DIP", "$1N5230", "", "C", 78.74, 78.74, 47.244, 47.244, 180],
		[163, "PAD30_3", 1390.16, -829.1, "T", "SMD", "GND", "GND", "R", 53.15, 86.614, 0, 0, 0],
		[164, "PAD31_1", 1209.84, -829.1, "T", "SMD", "GP8", "", "R", 53.15, 86.614, 0, 0, 180],
		[165, "PAD32_4", 1300, -550.9, "T", "SMD", "$1N949", "", "R", 236.221, 255.905, 0, 0, 180],
		[166, "PAD33_1", 1300, -1157.24, "T", "DIP", "VCC", "", "C", 51.181, 51.181, 31.496, 31.496, 270],
		[167, "PAD33_1", 1300, -1157.24, "B", "DIP", "VCC", "", "C", 51.181, 51.181, 31.496, 31.496, 270],
		[168, "PAD34_2", 1300, -1562.76, "T", "DIP", "TEMP1", "", "C", 51.181, 51.181, 31.496, 31.496, 270],
		[169, "PAD34_2", 1300, -1562.76, "B", "DIP", "TEMP1", "", "C", 51.181, 51.181, 31.496, 31.496, 270],
		[170, "PAD35_2", 1150, -1207.205, "T", "DIP", "GND", "GND", "C", 59.055, 59.055, 35.434, 35.434, 90],
		[171, "PAD35_2", 1150, -1207.205, "B", "DIP", "GND", "GND", "C", 59.055, 59.055, 35.434, 35.434, 90],
		[172, "PAD36_1", 1150, -1482.795, "T", "DIP", "TEMP1", "", "C", 59.055, 59.055, 35.434, 35.434, 90],
		[173, "PAD36_1", 1150, -1482.795, "B", "DIP", "TEMP1", "", "C", 59.055, 59.055, 35.434, 35.434, 90],
		[174, "PAD37_1", 975.63, -942.6, "T", "SMD", "$1N5230", "", "R", 49.213, 27.559, 0, 0, 180],
		[175, "PAD38_2", 975.63, -1017.4, "T", "SMD", "GND", "GND", "R", 49.213, 27.559, 0, 0, 180],
		[176, "PAD39_3", 1054.37, -980, "T", "SMD", "GP5", "", "R", 49.213, 27.559, 0, 0, 180]
	]
}
}